Brand, Product_Name, Price
\]nApple,iPhone 12 Pro Max 256GB Blue,Tk 175999
Apple,iPhone 12 Pro Max 128GB Blue,Tk 161999
OnePlus,OnePlus 8 8GB 128GB Interstellar Glow,Tk 55000
Oppo,Oppo A16 4GB 64GB Silver,Tk 15990
Xiaomi,Redmi 9C 4GB 128GB Gray,Tk 15999
Xiaomi,Redmi 9C 4GB 128GB Orange,Tk 15999
Xiaomi,Redmi 9C 4GB 128GB Blue,Tk 15999
Xiaomi,Mi Pad 5 6GB 128GB Pearl White,Tk 30999
Xiaomi,Mi Pad 5 6GB 128GB Cosmic Gray,Tk 30999
Xiaomi,Mi Pad 5 6GB 256GB Pearl White,Tk 33999
Xiaomi,Mi Pad 5 6GB 256GB Cosmic Gray,Tk 33999
Apple,Apple iPhone 13 Pro 128GB Gold,Tk 147999
Apple,Apple iPhone 13 256GB Mini Midnight,Tk 118999
Apple,Apple iPhone 13 256GB Mini Blue,Tk 118999
Apple,Apple iPhone 13 256GB Red,Tk 133499
Apple,Apple iPhone 13 256GB Pink,Tk 133499
Apple,Apple iPhone 13 256GB Midnight,Tk 133499
Apple,Apple iPhone 13 256GB Starlight,Tk 133499
Apple,Apple iPhone 13 128GB Midnight,Tk 118999
Apple,Apple iPhone 13 128GB Blue,Tk 118999
Samsung,Samsung Galaxy A52s 5G 8GB 128GB Mint,Tk 44999
Samsung,Samsung Galaxy A52s 5G 8GB 128GB  White,Tk 44999
Samsung,Samsung Galaxy A52s 5G 8GB 128GB  Black,Tk 44999
Samsung,Samsung Galaxy A12 4GB 128GB Blue,Tk 16499
Samsung,Samsung Galaxy A12 4GB 128GB Black,Tk 16499
Samsung,Samsung Galaxy F22 6GB 128GB Blue,Tk 19499
Samsung,Samsung Galaxy F22 6GB 128GB Black,Tk 19499
Samsung,Samsung Galaxy M32 6GB 128GB Blue,Tk 22999
Samsung,Samsung Galaxy M32 6GB 128GB Black,Tk 22999
Samsung,Samsung Galaxy A22 6GB 128GB Black,Tk 21999
Huawei,Huawei MatePad T10s WiFi 2GB 32GB Deepsea Blue,Tk 16999
Huawei,Huawei MatePad T10 2GB 16GB 4G/LTE Deepsea Blue,Tk 20999
Samsung,Samsung Galaxy A32 6GB 128GB Blue,Tk 26999
Samsung,Samsung Galaxy M02 2GB 32GB Blue,Tk 8599
Samsung,Samsung Galaxy M02 2GB 32GB Black,Tk 8599
Huawei,Huawei Y6p 4GB 64GB Phantom Purple,Tk 16999
Huawei,Huawei Y6p 4GB 64GB Midnight Black,Tk 16999
Samsung,Samsung Galaxy A51 6GB 128GB Metalic Silver,Tk 27499
Huawei,Huawei P 40 pro (5G) 8GB 256GB Silver Frost,Tk 109999
Huawei,Huawei P 40 pro (5G) 8GB 256GB Deep Sea Blue,Tk 109999
Huawei,Huawei Y8P 6GB 128GB Midnight Black,Tk 25499
Huawei,Huawei Y8P 6GB 128GB Breathing Crystal,Tk 25499
Huawei,Huawei MatePad T8 2GB 32GB Deepsea Blue 4G,Tk 16999
Samsung,Samsung Galaxy Tab  A (2019) 2 GB 32 GB Black,Tk 14999
Huawei,Huawei Y7P 4GB 64GB Blue,Tk 18999
Huawei,Huawei Y7P 4GB 64GB Black,Tk 18999
Samsung,Samsung Galaxy A31 6GB 128GB Crush Black,Tk 24100
Samsung,Samsung Galaxy A51 6GB 128GB Blue,Tk 27499
